Pop_L3,Region_L2,Sampling_area,Species,Habitat_new,Lat,Lon,distance_to_coast_km,Bio1,Bio12,Table1_Variety
AOG1,AOG,Aoga Island,Miscanthus sinensis var. condensatus,Island,32.45675167,139.77775,1.09510271154327,19.4847215016683,2496.66666666667,Miscanthus sinensis var. condensatus
AOG3,AOG,Aoga Island,Miscanthus sinensis var. condensatus,Island,32.46833333,139.763,0.402795831488818,19.2458330790202,2514.33333333333,Miscanthus sinensis var. condensatus
BOS10,BOS,Boso Peninsula,Miscanthus sinensis var. condensatus,Seashore,35.352868,140.391503,0.413259528570744,15.4187498092651,1635,Miscanthus sinensis var. sinensis
BOS11,BOS,Boso Peninsula,Miscanthus sinensis var. condensatus,Seashore,35.617128,140.542816,0.467187914641835,15.0583333969116,1479.5,Miscanthus sinensis var. sinensis
BOS14,BOS,Boso Peninsula,Miscanthus sinensis var. condensatus,Seashore,35.697618,140.86254,0.510188101133657,15.1187496185303,1469,Miscanthus sinensis var. sinensis
BOS3,BOS,Boso Peninsula,Miscanthus sinensis var. sinensis,Inland,35.289522,140.086893,19.0151532221326,14.8783332824707,1648.2,Miscanthus sinensis var. sinensis
BOS6,BOS,Boso Peninsula,Miscanthus sinensis var. condensatus,Seashore,34.900238,139.888047,0.171440610811372,16.033332824707,1874.5,Miscanthus sinensis var. sinensis
BOS8,BOS,Boso Peninsula,Miscanthus sinensis var. condensatus,Seashore,35.059874,140.074962,0.0682161695790232,15.6000003814697,1801,Miscanthus sinensis var. sinensis
FUJ2,FUJ,Fuji Mountain,Miscanthus sinensis var. sinensis,Inland,35.503611,138.700278,40.4579773465281,10.5104167461395,1574,Miscanthus sinensis var. sinensis
HJ1,HJ,Hachijo Island,Miscanthus sinensis var. condensatus,Island,33.10393,139.75867,0.206747106524562,19.0416660308838,2575,Miscanthus sinensis var. condensatus
HJ2,HJ,Hachijo Island,Miscanthus sinensis var. condensatus,Island,33.12682,139.81492,0.372965970010108,19.4500007629395,2577,Miscanthus sinensis var. condensatus
HJ3,HJ,Hachijo Island,Miscanthus sinensis var. condensatus,Island,33.0921,139.81224,3.36432622157036,17.1166664759318,2668.16666666667,Miscanthus sinensis var. condensatus
HJ5,HJ,Hachijo Island,Miscanthus sinensis var. condensatus,Island,33.139429,139.767865,0.924371794916521,16.5031251907349,2681.75,Miscanthus sinensis var. condensatus
HKN2,HKN,Hakone Mountain,Miscanthus sinensis var. sinensis,Inland,35.198909,138.993058,12.6832958534465,11.9187500476837,1832.5,Miscanthus sinensis var. sinensis
IBR1,IBR,Ibaraki area,Miscanthus sinensis var. sinensis,Inland,36.113919,140.095496,43.771939291922,14.0364582538605,1330.25,Miscanthus sinensis var. sinensis
IBR2,IBR,Ibaraki area,Miscanthus sinensis var. condensatus,Seashore,36.21491667,140.56445,0.56639595398902,13.6208330790202,1416.33333333333,Miscanthus sinensis var. sinensis
ISU11,ISU,Izu Peninsula,Miscanthus sinensis var. condensatus,Seashore,34.67653333,138.7764,0.610470865206625,15.6520833969116,2014.5,Miscanthus sinensis var. sinensis
ISU12,ISU,Izu Peninsula,Miscanthus sinensis var. sinensis,Inland,34.95191,138.84138,6.55767222463434,12.5864582061768,1985.75,Miscanthus sinensis var. sinensis
ISU2,ISU,Izu Peninsula,Miscanthus sinensis var. sinensis,Inland,34.90721667,139.0929167,4.99058474227377,14.7124998569489,1961.75,Miscanthus sinensis var. sinensis
ISU5,ISU,Izu Peninsula,Miscanthus sinensis var. condensatus,Seashore,34.654772,138.974512,0.810272001456044,16.6624997456868,1968.66666666667,Miscanthus sinensis var. sinensis
ISU9,ISU,Izu Peninsula,Miscanthus sinensis var. sinensis,Inland,34.80413333,138.9985,5.10540015487282,13.8093748092651,2067,Miscanthus sinensis var. sinensis
KOZ591,KOZ,Kozu Island,Miscanthus sinensis var. condensatus,Island,34.239179,139.142075,14.828984697765,17.1520833969116,2412,Miscanthus sinensis var. condensatus
KOZ621,KOZ,Kozu Island,Miscanthus sinensis var. condensatus,Island,34.220716,139.151899,15.554182811674,16.2249994277954,2481.6,Miscanthus sinensis var. condensatus
MIY13,MIY,Miyake Island,Miscanthus sinensis var. condensatus,Island,34.078214,139.475521,1.40912586557803,17.3291664123535,2747,Miscanthus sinensis var. condensatus
MIY3,MIY,Miyake Island,Miscanthus sinensis var. condensatus,Island,34.10081667,139.491133,0.883546146680593,16.9041662216187,2726.5,Miscanthus sinensis var. condensatus
MIY431,MIY,Miyake Island,Miscanthus sinensis var. condensatus,Island,34.093376,139.532011,2.13398435378698,15.2197918891907,2655,Miscanthus sinensis var. condensatus
MIY439,MIY,Miyake Island,Miscanthus sinensis var. condensatus,Island,34.098594,139.532518,1.56064182294202,15.7906255722046,2660.75,Miscanthus sinensis var. condensatus
MIY560,MIY,Miyake Island,Miscanthus sinensis var. condensatus,Island,34.089497,139.513915,1.41604521879769,15.3874998092651,2649.8,Miscanthus sinensis var. condensatus
MIY567,MIY,Miyake Island,Miscanthus sinensis var. condensatus,Island,34.113797,139.55328,0.0473927525673389,17.4604158401489,2728.5,Miscanthus sinensis var. condensatus
MIY6,MIY,Miyake Island,Miscanthus sinensis var. condensatus,Island,34.11375,139.49025,2.04859738304414,17.1458339691162,2743,Miscanthus sinensis var. condensatus
MIY650,MIY,Miyake Island,Miscanthus sinensis var. condensatus,Island,34.079301,139.554776,1.35928503599996,17.4891666412354,2753.6,Miscanthus sinensis var. condensatus
MIY652,MIY,Miyake Island,Miscanthus sinensis var. condensatus,Island,34.05391,139.481918,0.810348108839995,17.3125,2720.5,Miscanthus sinensis var. condensatus
MIY7,MIY,Miyake Island,Miscanthus sinensis var. condensatus,Island,34.07805,139.517211,2.37387932585957,15.527083158493,2676.5,Miscanthus sinensis var. condensatus
MUR2,MUR,Miura Peninsula,Miscanthus sinensis var. condensatus,Seashore,35.130844,139.62802,0.21395458448487,16.8916664123535,1791,Miscanthus sinensis var. condensatus
MUR3,MUR,Miura Peninsula,Miscanthus sinensis var. condensatus,Seashore,35.303763,139.530312,0.0503562444697593,15.5222222010295,1732.66666666667,Miscanthus sinensis var. condensatus
NI2,NI,Niijima Island,Miscanthus sinensis var. condensatus,Island,34.42427,139.28229,1.37280084383211,16.9208335876465,2315,Miscanthus sinensis var. condensatus
NI5,NI,Niijima Island,Miscanthus sinensis var. condensatus,Island,34.39347,139.26564,0.242598254339365,16.3760418891907,2348.5,Miscanthus sinensis var. condensatus
OSH029,OSH,Oshima Island,Miscanthus sinensis var. condensatus,Island,34.730877,139.424015,3.03431379418704,14.9208335876465,2141.25,Miscanthus sinensis var. condensatus
OSH5,OSH,Oshima Island,Miscanthus sinensis var. condensatus,Island,34.79081667,139.3556667,0.0142369095026257,15.977778116862,2009,Miscanthus sinensis var. condensatus
OSH559,OSH,Oshima Island,Miscanthus sinensis var. condensatus,Island,34.735556,139.383797,2.9605355650386,14.0593748092651,2129.75,Miscanthus sinensis var. condensatus
OSH7,OSH,Oshima Island,Miscanthus sinensis var. condensatus,Island,34.678814,139.435062,0.214334937247973,16.5625,2088,Miscanthus sinensis var. condensatus
OSH8,OSH,Oshima Island,Miscanthus sinensis var. condensatus,Island,34.796637,139.361347,0.0383936784426647,16.0187501907349,2004.5,Miscanthus sinensis var. condensatus
SH3,SH,Shikine Island,Miscanthus sinensis var. condensatus,Island,34.33617,139.21249,3.83299894188067,17.6291675567627,2343,Miscanthus sinensis var. condensatus
SH6,SH,Shikine Island,Miscanthus sinensis var. condensatus,Island,34.31826,139.19848,5.68940246108429,17.6333332061768,2355,Miscanthus sinensis var. condensatus
TC1,TC,Tochigi area,Miscanthus sinensis var. sinensis,Inland,36.88666667,139.5789333,102.221884130399,8.11249995231628,1735.75,Miscanthus sinensis var. sinensis
TC2,TC,Tochigi area,Miscanthus sinensis var. sinensis,Inland,36.73473333,139.83595,74.8755419753893,12.1541666030884,1324.6,Miscanthus sinensis var. sinensis
