"SNP_ID","RF1_Importance","RF2_Importance","RF3_Importance","Mean_Importance"
"221227:23:+",0.0196486279766019,0.0183133401387868,0.0187712521779455,0.0189110734311114
"472949:11:-",0.0116911166678026,0.0117023831878291,0.0120278613081374,0.011807120387923
"1601709:19:-",0.0104010413503044,0.0107982671751993,0.0104113950191203,0.0105369011815413
"818136:12:-",0.00771439659347508,0.00736682369984403,0.0074379890298861,0.00750640310773507
"1418198:1:+",0.00711723690302338,0.00741559888364784,0.00703733486074108,0.00719005688247077
"512553:43:+",0.00725885475780851,0.00684236397263455,0.00696243281510825,0.00702121718185044
"499614:6:-",0.0065351071684831,0.00612856152571403,0.00628836158344416,0.00631734342588043
"597122:0:-",0.00434782547023564,0.00405688846445702,0.00406274907794773,0.00415582100421346
"582190:41:+",0.00321131568220606,0.00314329165628467,0.00309067207264114,0.00314842647037729
"1567746:15:-",0.00264081602718019,0.00284462893819466,0.0024695249351232,0.00265165663349935
"1574501:15:-",0.00241389649465302,0.00266514455425008,0.00271228745581208,0.00259710950157173
"346290:11:-",0.00247110351549792,0.00220024421285417,0.00228424788195408,0.00231853187010206
"1049735:12:-",0.00227958867706771,0.00212081757375762,0.00248153314616699,0.00229397979899744
"1619327:20:+",0.00222000143000882,0.00240966925378311,0.00208423970840639,0.00223797013073278
"234796:6:-",0.00221790402182073,0.00201327230003876,0.00237806447864853,0.00220308026683601
"314658:23:+",0.00197739150791484,0.00213567615386462,0.00233209616948048,0.00214838794375331
"1415560:12:-",0.0020268490779833,0.00188339165264892,0.00195091123568162,0.00195371732210461
"1463055:47:+",0.00148790362745796,0.00187795805936911,0.00164704574530217,0.00167096914404308
"441668:0:+",0.00155033597422545,0.00183060293404931,0.00158958663043132,0.00165684184623536
"1603006:30:-",0.00161149294684368,0.00156747576144924,0.00178386811290499,0.0016542789403993
"63229:19:+",0.00163605536488262,0.00182137398625204,0.00145593557669273,0.0016377883092758
"377903:52:-",0.00173404777609878,0.00163498174312636,0.0013444771238493,0.00157116888102481
"311908:20:-",0.00150802944732943,0.00153813566885224,0.00162934191996938,0.00155850234538368
"112133:39:-",0.00152722231738336,0.00157148598526867,0.00152301527901328,0.00154057452722177
"1245993:4:+",0.00141830337119858,0.00126021052798742,0.00163687476370809,0.00143846288763137
"274063:50:-",0.00148769613514242,0.00140278372795171,0.00116492887440825,0.00135180291250079
"1202141:1:+",0.00123622965423479,0.00120945336906265,0.00133146480926292,0.00125904927752012
"58997:4:-",0.00118565661227868,0.00129755471023625,0.00119599091428794,0.00122640074560095
"1081514:4:-",0.00117565125905356,0.00106805524988672,0.00140529788144899,0.00121633479679642
"1486831:17:-",0.00109857519219118,0.00126260619873217,0.00111588115194717,0.0011590208476235
"67054:30:-",0.00123884949714533,0.00108487130225322,0.00106160078338197,0.00112844052759351
"359891:52:+",0.00128117276937394,0.00116013481521564,0.000943482842885036,0.00112826347582487
"645254:2:+",0.00109209009034975,0.00122568690350667,0.00104419520628061,0.00112065740004568
"1155955:14:-",0.00102027328603303,0.00120574518873712,0.00108305781904707,0.00110302543127241
"1060262:0:-",0.00104530293160627,0.000983259381920222,0.00106349942109055,0.00103068724487235
"1359403:14:+",0.001091130498463,0.000900532636323792,0.0010673890312169,0.00101968405533456
"130208:11:-",0.000975376934920551,0.000930007467569576,0.00101907324048647,0.00097481921432553
"23190:70:-",0.000936597024100802,0.000922631761908855,0.00103440594916153,0.00096454491172373
"1597492:2:-",0.000914409833981909,0.00104468872851208,0.000864023664485835,0.000941040742326607
"1284267:18:+",0.000852334190238035,0.000951357224288475,0.000910698107570297,0.000904796507365602
"1421267:35:-",0.000881639961519809,0.000911367996146549,0.000916678200763181,0.000903228719476513
"506350:13:+",0.000943133738807194,0.00086992483627047,0.000865913783287957,0.000892990786121874
"100689:0:+",0.000892516747007028,0.000762377065991354,0.00087246895278725,0.000842454255261877
"1391145:2:-",0.000743858932026414,0.000769733966861794,0.000967866826653375,0.000827153241847195
"69522:2:+",0.000791737554532904,0.000783316507122583,0.000898528111059554,0.000824527390905014
"1194822:25:-",0.00078529107295463,0.000773966712398824,0.000898843930567544,0.000819367238640332
"1261684:4:+",0.000861271589707709,0.000754100595645332,0.000842512027077144,0.000819294737476728
"1385013:22:-",0.000828286504195257,0.000709916882359956,0.000919441262338019,0.000819214882964411
"931488:2:+",0.000785452909261983,0.000785493639260283,0.000839886692756425,0.00080361108042623
"814622:11:-",0.00070657015860382,0.0007800640058093,0.000871778303430666,0.000786137489281262
"184912:20:-",0.00068815805009422,0.000820692879570098,0.000844478985302825,0.000784443304989048
"474242:14:+",0.000858515886316837,0.000766587132860214,0.000671919522907164,0.000765674180694738
"718831:4:+",0.000733368227187927,0.00076316506783213,0.000711483793520987,0.000736005696180348
"94653:17:-",0.000799531255358731,0.00067619139181154,0.00069331929941269,0.00072301398219432
"659456:22:-",0.000621102768457969,0.00082128024141859,0.000628986882555835,0.000690456630810798
"943613:28:-",0.000718088827936327,0.000637684844659709,0.000654338759285162,0.000670037477293733
"444231:1:+",0.000634672521265556,0.000620678572738703,0.000748321362468869,0.000667890818824376
"61515:14:-",0.000691934631435457,0.000650236725021238,0.000635756431563579,0.000659309262673425
"531387:23:+",0.000704678138835385,0.000554867260809668,0.000709826318772319,0.000656457239472457
"64953:6:+",0.000724380380061137,0.000599425309711496,0.000636230503465082,0.000653345397745905
"1317645:3:+",0.00074636600749368,0.000572457701423309,0.000636845156348928,0.000651889621755306
"743633:0:+",0.000583771826662791,0.00060465168274799,0.000694740738489707,0.000627721415966829
"372889:51:+",0.000672130141192703,0.000677632536141411,0.000522994181110269,0.000624252286148127
"412522:7:-",0.000600664036729597,0.000624818811871042,0.00064577571015783,0.00062375285291949
"1223938:34:-",0.000608713028621524,0.000507018831111613,0.000711706343106605,0.000609146067613247
"947923:10:+",0.000501918728093263,0.000565440419388771,0.000754356413620612,0.000607238520367549
"1620874:0:-",0.000658551358765159,0.000574278011010061,0.000566852414730183,0.000599893928168467
"209661:9:+",0.000603030998466043,0.000510610299982333,0.000681275525920679,0.000598305608123018
"304291:4:+",0.000666519752725446,0.000674929932833462,0.000447369433745079,0.000596273039767996
"266470:4:-",0.000547427722407165,0.000553591302233859,0.000654758365129067,0.000585259129923364
"444229:3:+",0.000505300094104583,0.000629726034865731,0.000601904756169009,0.000578976961713107
"655410:11:-",0.000536604251225402,0.000614130401547576,0.000582963403497383,0.00057789935209012
"586929:37:-",0.000647408166277633,0.000636453626364102,0.000439852139485679,0.000574571310709138
"837071:2:+",0.000536977238516473,0.000515376619281687,0.000669461260792932,0.000573938372863698
"984952:2:+",0.000597363331973475,0.000558255663279072,0.000564517853679322,0.000573378949643956
"808014:76:-",0.000598910953302019,0.000512146577313319,0.00059648009214108,0.000569179207585473
"249369:14:-",0.000548604055141987,0.000494400816979495,0.000638875115124997,0.000560626662415493
"358039:12:-",0.000458565590323633,0.000551057917681332,0.00065192655404646,0.000553850020683808
"1060361:0:-",0.000554613876337367,0.000539729982414013,0.000565176851900167,0.000553173570217182
"643319:10:+",0.000567638189726044,0.000548202069309889,0.000537262217863474,0.000551034158966469
"1331247:4:+",0.000490187062793497,0.000496200342254575,0.000655679710552475,0.000547355705200183
"596504:65:-",0.000590982260924764,0.000499732781650403,0.000543907768881971,0.000544874270485712
"219556:39:-",0.00046867486554927,0.000557195442105506,0.000597728734551768,0.000541199680735515
"1092358:30:-",0.000534325467286837,0.000573979385460119,0.000501300867257885,0.000536535240001614
"764372:5:-",0.000532956793727843,0.000637329123665536,0.0004254116544329,0.00053189919060876
"799368:17:+",0.000477860953477441,0.000476169620780001,0.000608640435591143,0.000520890336616195
"1262716:62:-",0.000558190323335719,0.000533337177297984,0.000432506504386506,0.000508011335006737
"477861:1:-",0.000525106368782326,0.000511682592713212,0.000471552306848059,0.000502780422781199
"950664:5:-",0.00045748662718461,0.000509205577807998,0.000517162120404815,0.000494618108465808
"942066:17:-",0.000450958878851836,0.000514444013596548,0.000512380173740125,0.00049259435539617
"480165:6:+",0.000540055179859596,0.000461528365225973,0.000475437475421727,0.000492340340169098
"804215:10:+",0.000519303847455608,0.000513074150970703,0.00043601446160953,0.00048946415334528
"1246365:5:+",0.000438026838445564,0.000531498769044681,0.000474960849017528,0.000481495485502591
"686500:36:-",0.000454763346586045,0.000556063869873823,0.00043243236970291,0.000481086528720926
"72958:26:+",0.000533402744568622,0.000336132638077972,0.000545422956904656,0.000471652779850417
"1465851:4:-",0.000498145308158786,0.000397249147410554,0.00050003080392308,0.00046514175316414
"357066:5:+",0.000437202236565164,0.000435035322637458,0.000494182072050775,0.000455473210417799
"405340:17:+",0.000414400721462221,0.000417560549661703,0.000499382470041291,0.000443781247055072
"772888:9:+",0.000453665376617423,0.000491550279061149,0.000384260734962413,0.000443158796880328
"1404577:15:+",0.000472954422992633,0.000457176140485218,0.000385955103537795,0.000438695222338549
"990062:15:+",0.000391050805418515,0.000525823541837813,0.000399192068301449,0.000438688805185925
"284748:9:+",0.000463225383788578,0.00038799951910337,0.000456369590269112,0.000435864831053686
"1067429:50:+",0.000392521579471022,0.000435450439440772,0.000453953843719887,0.000427308620877227
"1191172:23:+",0.000453451500601309,0.000443902327824682,0.000361623456298324,0.000419659094908105
"826955:23:-",0.000401902311903836,0.000461216368322001,0.000389914407688608,0.000417677695971482
"233938:8:+",0.000464608012156429,0.000372328360955534,0.000406305357347412,0.000414413910153125
"1265877:1:-",0.000462501354199981,0.000383349720035854,0.000385022317624364,0.000410291130620066
"72513:22:+",0.000370857773069003,0.000441859856973134,0.000399718305474977,0.000404145311839038
"1449972:0:+",0.000521425841286969,0.000331706225121325,0.000358353632683564,0.000403828566363953
"953191:10:-",0.000383440913149086,0.000340082607961247,0.000449759729895871,0.000391094417002068
"1367989:30:-",0.000423690129560644,0.000442039561169167,0.00030726605118316,0.000390998580637657
"988136:4:+",0.000379531252999428,0.000376217769863182,0.000403035062308136,0.000386261361723582
"105256:4:-",0.000410813358494712,0.000380209001392914,0.000349912458292393,0.000380311606060006
"538114:15:+",0.000377281635179954,0.000404100705813447,0.000346011300072673,0.000375797880355358
"580461:1:-",0.000321039227544062,0.000387043305337224,0.000418299638741173,0.000375460723874153
"407865:3:-",0.000281709107549044,0.000378809981490658,0.000445012939056017,0.000368510676031906
"370449:22:+",0.000322605326369542,0.000318679626195273,0.000454553091170843,0.000365279347911886
"776327:19:+",0.000345018746762477,0.000391197993100896,0.000357461759798865,0.000364559499887412
"1319277:2:+",0.000426543627134602,0.000266102044480363,0.000398156660177385,0.000363600777264117
"988149:0:-",0.000284259870621681,0.000356109853269726,0.000446466196417439,0.000362278640102949
"392053:10:+",0.000378590808718954,0.000352478834216875,0.000331954595208956,0.000354341412714928
"355364:13:+",0.000377547810855036,0.000317556669932998,0.000367178704293519,0.000354094395027184
"476946:30:+",0.000326779274561504,0.000371990986715466,0.000362699472781505,0.000353823244686159
"57378:52:-",0.000320452325137792,0.000324869567926753,0.000415540518052096,0.000353620803705547
"709449:12:+",0.000345116210050624,0.000364580711784679,0.000342688461059111,0.000350795127631471
"738008:9:-",0.000322924149796155,0.000370812798718769,0.000353288208925145,0.000349008385813356
"1196600:13:-",0.000387949889879426,0.000290104926014429,0.000362393673154886,0.000346816163016247
"1089736:36:-",0.000314697725606772,0.00032105796592339,0.000389160614813947,0.000341638768781369
"166504:33:+",0.000346001404163006,0.000320673751565461,0.000349549143864035,0.000338741433197501
"223166:76:-",0.000300498678578478,0.000363760051534006,0.000347411368095249,0.000337223366069244
"764610:24:+",0.000320844732673366,0.000339038350114785,0.000351332024062648,0.0003370717022836
"1582070:4:+",0.000398072735698266,0.000209637180940113,0.000401062439012837,0.000336257451883739
"1328060:1:+",0.00038392796644661,0.000293564971732962,0.000316836681700313,0.000331443206626628
"1332400:6:-",0.000304491062767101,0.000297584285640416,0.000385909163443992,0.00032932817061717
"46858:2:-",0.000334769275185282,0.000288262173277299,0.000364114653302936,0.000329048700588506
"1407892:54:+",0.000311473317125442,0.000315638630473527,0.000358949755205437,0.000328687234268135
"724733:61:+",0.000318131465920863,0.000324961971331138,0.00033618015037135,0.000326424529207784
"1069234:0:+",0.000408580245411449,0.000295913065222157,0.000274330301046041,0.000326274537226549
"1233556:13:+",0.000329589191361994,0.00030386569248707,0.000345084927186507,0.000326179937011857
"284412:6:-",0.00027294282367963,0.000343322553080831,0.000361272412836172,0.000325845929865544
"662318:3:-",0.000285850668548896,0.000413481990678481,0.00027439953538325,0.000324577398203542
"760944:16:+",0.000237333160455918,0.000304914224443675,0.000427291402202106,0.000323179595700566
"723803:4:+",0.000306128904005698,0.000365986053581507,0.000291516668853724,0.000321210542146976
"536205:17:+",0.000221353706363575,0.000346827507788698,0.000394326710091886,0.000320835974748053
"360962:12:-",0.000378244285739116,0.00028890997804068,0.00029520443003198,0.000320786231270592
"1126537:7:+",0.000285222975741008,0.000341188566952882,0.000330741230035608,0.000319050924243166
"238973:11:-",0.000339796891907088,0.00031862296924001,0.000298172664393452,0.000318864175180183
"188242:32:+",0.000267418761870218,0.000421151690184329,0.000264062942546889,0.000317544464867145
"443370:11:-",0.000255107891035264,0.000326409830004363,0.000367826541545645,0.000316448087528424
"128367:27:-",0.00027167989733589,0.000324531844508466,0.000349116477427617,0.000315109406423991
"598118:21:-",0.000340583488499933,0.000244336747253322,0.000353614293925383,0.000312844843226212
"993892:0:+",0.000303196703230048,0.000315306214710545,0.000318666727063994,0.000312389881668196
"1403175:31:+",0.000276789726268368,0.000335924243444742,0.000320007486892561,0.00031090715220189
"188924:22:-",0.000355337296079699,0.000312879533146847,0.000261344047714933,0.00030985362564716
"1547740:41:-",0.000327534838072307,0.000314574301444675,0.000281544439634959,0.00030788452638398
"496542:2:-",0.000358452504012079,0.000286874137466819,0.000271044306799551,0.000305456982759483
"1533301:1:-",0.000242324917869697,0.000355496888579612,0.000315079863313867,0.000304300556587725
"1080923:0:+",0.000308501204184246,0.000285351036078837,0.000316158609220969,0.000303336949828017
"519159:18:-",0.00027901793999943,0.000286854177794947,0.000340069032955111,0.000301980383583163
"467814:1:-",0.000296411731195017,0.000297939233824538,0.000302125725499,0.000298825563506185
"193074:42:-",0.000392273076233136,0.00025118265493959,0.000242006221141126,0.000295153984104618
"188222:10:+",0.000262097931048121,0.000312884260393198,0.000309073427601595,0.000294685206347638
"374324:59:-",0.000338419838190798,0.000261704191891436,0.000282525291812691,0.000294216440631642
"552964:46:+",0.000308750119142159,0.000324217169084992,0.000240806111037817,0.000291257799754989
"1263081:28:+",0.000293008703028549,0.00033862843774036,0.000241939778857307,0.000291192306542072
"122330:13:+",0.00026986181547019,0.000314843779820142,0.000282843218211925,0.000289182937834086
"348497:26:-",0.000330008182481132,0.000289394200203308,0.000244202350310766,0.000287868244331735
"379889:5:+",0.000262305925066004,0.000337129984744485,0.00026052978638891,0.000286655232066466
"160294:4:-",0.000240674971839861,0.000286530922582925,0.000331706852111475,0.000286304248844754
"1463755:43:+",0.000286148059172353,0.000264321886542159,0.000308047614501467,0.000286172520071993
"3573:8:-",0.000258908921903284,0.000300541327973758,0.000296183967389372,0.000285211405755472
"763010:3:-",0.000286009860157908,0.00027708358792833,0.000291419183501326,0.000284837543862522
"34122:38:-",0.00028982037698106,0.000330230070936629,0.000233816006147713,0.000284622151355134
"777545:10:+",0.00037062282227147,0.000208744169454821,0.00027279904461208,0.000284055345446124
"624155:16:-",0.000263965392026584,0.000302119525764626,0.000281534157580108,0.000282539691790439
"525305:0:-",0.000302409666386927,0.000236989699594125,0.000307228891594149,0.000282209419191734
"388397:18:+",0.00029013748787283,0.000306886284776633,0.000248770340312731,0.000281931370987398
"379177:3:-",0.000203174761986631,0.000273976971944665,0.000364145427200104,0.0002804323870438
"139362:27:+",0.000293258262930977,0.000309831638313232,0.000233910492534717,0.000279000131259642
"829343:17:-",0.000271523600807169,0.000231535298539289,0.000332553222177326,0.000278537373841261
"946692:27:-",0.000295437787418455,0.000326528898768028,0.000209754760420802,0.000277240482202428
"586262:57:+",0.000261567815260451,0.000279751271526663,0.000285922661983209,0.000275747249590108
"406996:12:+",0.000219001719730724,0.000369967675083422,0.00023766068576475,0.000275543360192965
"359565:6:+",0.000254937849515548,0.000276281864544675,0.00029276446675737,0.000274661393605864
"211331:8:+",0.000331693438509303,0.000262713289305172,0.000228230193944247,0.000274212307252907
"442346:55:+",0.000281152913538632,0.000278517068641741,0.000261390047913256,0.000273686676697876
"772844:0:+",0.000217653747467129,0.000259207273822151,0.000341186170508709,0.000272682397265996
"1394427:0:-",0.000306833743696749,0.000244809954975315,0.000264897386238815,0.00027218036163696
"455429:17:+",0.000217938493629505,0.000317734118145155,0.000273378442490083,0.000269683684754915
"269016:10:+",0.000263853619886795,0.000266021580332078,0.000278522768886784,0.000269465989701886
"707922:22:-",0.000300439012083158,0.000289393970541317,0.000217842510049183,0.000269225164224553
"687669:77:+",0.000263799033621951,0.000351734289657546,0.000191176457781738,0.000268903260353745
"385396:1:-",0.000219843184146129,0.0002914479306877,0.000292860333912727,0.000268050482915519
"718965:21:+",0.000290371832333792,0.000258685729699849,0.00025244352595738,0.00026716702933034
"1566429:16:+",0.000289144198090763,0.000226084779343905,0.000276824982543205,0.000264017986659291
"1156238:0:+",0.000245455964948582,0.000257822618647891,0.000287041190145861,0.000263439924580778
"713252:67:+",0.000143410380308911,0.000377636199455749,0.000268545339958142,0.000263197306574267
"643522:11:-",0.000235763497106211,0.00030338369906066,0.0002499918345571,0.000263046343574657
"542073:28:+",0.000289707944843901,0.000307327070322437,0.000189453702606615,0.000262162905924318
"1384599:0:+",0.000239121081307111,0.000268229138529367,0.000272056659420359,0.000259802293085612
"1087505:1:+",0.000262745705175285,0.000271629897544094,0.000243047686635875,0.000259141096451751
"484454:30:+",0.000243531400948329,0.000252071069940071,0.000269951785181033,0.000255184752023144
"95684:55:+",0.000274349192274794,0.000203655611437134,0.000287393460318047,0.000255132754676658
"1014697:46:-",0.000220134354251342,0.000277115724895521,0.00026353970065439,0.000253596593267085
"476944:32:+",0.000224139520404345,0.000248855157581656,0.000283859827511842,0.000252284835165948
"418476:24:-",0.000274470810669784,0.00024385140154152,0.000234263529117378,0.000250861913776227
"1277705:17:-",0.000258248787867357,0.00024223464067386,0.000251491366866061,0.00025065826513576
"652509:8:+",0.000232326903623063,0.000212915820798434,0.000303895898515543,0.000249712874312347
"1137819:3:+",0.000267517110269661,0.000229439287408771,0.000251425450284626,0.000249460615987686
"81899:10:-",0.000239307527107375,0.000258727638366147,0.000249047062807442,0.000249027409426988
"1607922:8:-",0.000225986342097684,0.000280344288132726,0.000239761138848088,0.000248697256359499
"948762:9:-",0.000229542984315621,0.000266138856401142,0.000248448942205789,0.000248043594307517
"1054815:29:-",0.00031210985053475,0.00017680915049881,0.000247519644635156,0.000245479548556239
"1348905:12:-",0.000215187591599229,0.000225482668151492,0.000295243546157625,0.000245304601969449
"592834:15:+",0.00021660185178696,0.000288761977524144,0.000228646718057822,0.000244670182456309
"187667:56:-",0.000262542579481922,0.000247962106599377,0.000215210535983182,0.000241905074021494
"1301620:14:-",0.000214901132907233,0.000255869136650704,0.000252966430870913,0.000241245566809616
"514383:5:+",0.000209660389626137,0.000273198381939932,0.000238764787411723,0.000240541186325931
"720916:41:+",0.000277230808901835,0.000186071990226392,0.00025393788785389,0.000239080228994039
"610937:0:-",0.000241667022303202,0.000221521851861342,0.000252089573843429,0.000238426149335991
"790800:12:-",0.000209703704549413,0.000202869739387874,0.000298112810555546,0.000236895418164278
"751272:15:+",0.000236538815589588,0.000218650832058242,0.000254919866079308,0.000236703171242379
"938776:0:+",0.000217631743325362,0.000207219153868972,0.000284044751710785,0.00023629854963504
"266498:5:-",0.000202295059693501,0.000242178217597012,0.000262723546044042,0.000235732274444852
"263589:50:+",0.000220463093476804,0.000194324109577605,0.000288964254199424,0.000234583819084611
"1135035:7:-",0.000297585784426833,0.000194077428574132,0.00020969697327824,0.000233786728759735
"873433:3:-",0.000200346415026322,0.000171971338761264,0.000326207156713852,0.000232841636833813
"54145:9:-",0.00023516700421167,0.000213430276157108,0.000249493371302661,0.00023269688389048
"288083:23:-",0.000300320277059724,0.000213793078538619,0.000181619746626539,0.000231911034074961
"1497755:77:-",0.000185201287427316,0.000237806280830838,0.00027234149812463,0.000231783022127595
"129085:0:-",0.000262840613315732,0.000195720161024876,0.000234262638591365,0.000230941137643991
"1487957:32:+",0.000177472654379996,0.00022709173289764,0.000286895427502566,0.000230486604926734
"845765:0:-",0.000208577726106936,0.000177403834761634,0.000302199929998511,0.000229393830289027
"1580385:27:+",0.00024858667776656,0.000276409740267269,0.000162639254317998,0.000229211890783942
"156029:13:-",0.00024446872926438,0.000218261688282651,0.000223968901233693,0.000228899772926908
"707286:14:-",0.000225169265804314,0.000241277329434904,0.000220054269916666,0.000228833621718628
"698492:13:-",0.00025298111949544,0.000211640449989089,0.000220378766151441,0.00022833344521199
"297015:3:+",0.000239538368816768,0.000272231270754356,0.000171344225612474,0.000227704621727866
"1579688:1:+",0.000242605711433415,0.000253211750871871,0.00018607988302213,0.000227299115109138
"986919:34:-",0.000213929638818916,0.000249505451695124,0.000213708888322645,0.000225714659612228
"841244:28:+",0.000221209483300963,0.000179328392019766,0.000273712644954823,0.000224750173425184
"687623:52:-",0.000306124214979302,0.000130518682402781,0.000236194767300024,0.000224279221560702
"1345293:4:+",0.000232510565918651,0.000228979415152169,0.000210135177579091,0.000223875052883304
"288544:5:-",0.00022720299082643,0.000200117066101199,0.000243206241863321,0.00022350876626365
"1196363:2:+",0.000229098614483521,0.000186161031980447,0.000255239518623912,0.00022349972169596
"1516683:12:-",0.000170595814908975,0.000246716867835452,0.000253052484651606,0.000223455055798678
"1104151:3:+",0.000212480787497036,0.000288655972186856,0.000167944855732097,0.000223027205138663
"684457:26:-",0.000185317826486112,0.000218646301200973,0.000264497587565426,0.000222820571750837
"478903:19:+",0.000175864339278624,0.000259889891663987,0.000228976966813708,0.000221577065918773
"357070:0:-",0.000235948067916465,0.000231331691559515,0.000193617766260991,0.000220299175245657
"170282:27:-",0.000223478059289692,0.000155898354762027,0.000270990138433808,0.000216788850828509
"462759:35:-",0.000262279156518906,0.000158322226864877,0.000225281004834097,0.00021529412940596
"47659:61:+",0.000224602409597845,0.000231770376675814,0.000189079573339577,0.000215150786537745
"1365949:11:-",0.000195496617265982,0.000281300365615887,0.000167775898338733,0.000214857627073534
"837702:31:+",0.000164671972981124,0.000225535532402291,0.000253551840511697,0.000214586448631704
"1052750:21:+",0.000250450930942142,0.000164288367776335,0.000226735551454845,0.000213824950057774
"1526575:18:+",0.000198348469718685,0.000228797179596273,0.000210939822599076,0.000212695157304678
"1593845:6:+",0.000224061614543598,0.000207659119563844,0.00020631732779045,0.000212679353965964
"704628:4:-",0.000236253667185599,0.000239125125605711,0.000161813028733463,0.000212397273841591
"55242:14:-",0.000197918129209852,0.00026248531266459,0.000175471592315488,0.000211958344729977
"900701:15:-",0.000201797451301887,0.000185373113150819,0.000247622780342481,0.000211597781598395
"674077:31:-",0.000231535803364005,0.000182049392657626,0.000217661470167598,0.000210415555396409
"764754:11:+",0.000306291100494788,0.000162096754203373,0.000161828242753344,0.000210072032483835
"577964:11:+",0.000244566059985381,0.000173351974135279,0.00021222013329542,0.00021004605580536
"102429:33:-",0.00021925233185684,0.000197488173638121,0.000206381859095296,0.000207707454863419
"934815:8:+",0.000209666947327706,0.000199080244819986,0.000214145324090167,0.000207630838745953
"1101883:37:-",0.000221028805661581,0.000189222765277727,0.000212534263622642,0.000207595278187317
"1465853:6:-",0.00027131749276536,0.000156712642891019,0.000190589472214685,0.000206206535957021
"1161533:0:-",0.00026023747950864,0.000196864951724918,0.000161035021498683,0.000206045817577414
"1543661:28:-",0.000227033400817877,0.000161914129212532,0.000229030399798501,0.000205992643276303
"1336117:2:+",0.000159860299677471,0.00027547444373252,0.000180557525961586,0.000205297423123859
"697620:25:-",0.000127292065036202,0.000217344999556299,0.000270951882224518,0.000205196315605673
"1130830:10:+",0.000262452733924983,0.000151404579629312,0.000197969254256588,0.000203942189270294
"323860:0:-",0.000236016214341571,0.000191948217511651,0.000183500408260776,0.000203821613371333
"1033414:12:+",0.000221444833321743,0.000194113074395778,0.000191856764632657,0.000202471557450059
"1070582:39:-",0.000179895035095555,0.000208259921308152,0.000215954068325081,0.000201369674909596
"1303283:0:+",0.000127363883935874,0.000219734127814057,0.00025354912389706,0.00020021571188233
"502644:20:+",0.000196758257187878,0.000199328670873053,0.000201511533934401,0.000199199487331777
"364921:20:-",0.000243180988044295,0.00015200233351233,0.000202230378811853,0.000199137900122826
"1094645:11:+",0.000189608362313023,0.000213797856996166,0.000193926340957059,0.000199110853422082
"414814:7:+",0.000165001709098921,0.000220240647065013,0.000209395127662673,0.000198212494608869
"911974:2:-",0.000239179526463654,0.000167281740940923,0.000186763528282351,0.000197741598562309
"1047303:14:-",0.000200899871242171,0.000158999620359646,0.00023284091897869,0.000197580136860169
"472924:40:+",0.000224086342475359,0.000166576132456124,0.000195859888142795,0.000195507454358092
"1271750:56:+",0.000194178478706357,0.000180867186397059,0.000210397552789109,0.000195147739297508
"952589:71:-",0.000213713714952368,0.000149972756620589,0.000215261517650138,0.000192982663074365
"629318:29:+",0.000210679716796928,0.000201939367337045,0.000164614159605013,0.000192411081246329
"1503052:45:+",0.000169122636363237,0.000181342984250721,0.000224942996800297,0.000191802872471418
"735647:4:-",0.000201194553549267,0.000187560093133066,0.000186477676864535,0.000191744107848956
"1403785:13:+",0.000170746424149032,0.000205965737536575,0.000195407509196609,0.000190706556960739
"1620861:33:-",0.000189633300056764,0.000239818769756978,0.000142503855940818,0.00019065197525152
"614377:42:+",0.000157929164130446,0.000175980719712953,0.000237545845015958,0.000190485242953119
"290917:16:+",0.000228711396742219,0.000180448794564073,0.000162065149465238,0.000190408446923843
"847534:24:+",0.000145959176090516,0.000184853655040695,0.000240276299231975,0.000190363043454395
"404441:1:-",0.000184160637527571,0.000233423530339217,0.000153365488918458,0.000190316552261749
"478863:15:+",0.000195124675222252,0.000194511978587982,0.000180790042957582,0.000190142232255939
"49383:53:-",0.000222307483541435,0.000206968219831646,0.000140994719983849,0.000190090141118977
"565711:1:+",0.000178388822915434,0.000175647220307043,0.000216228155509002,0.000190088066243827
"63746:8:-",0.0001908279005842,0.000163819629143679,0.000212261315837435,0.000188969615188438
"380213:5:-",0.000186630080646802,0.000211421411811614,0.00016845920120812,0.000188836897888845
"100281:6:+",0.000211283188877941,0.000111943241035445,0.000242339989788951,0.000188522139900779
"366478:22:-",0.000190961113090838,0.000211991959472458,0.00015617438352325,0.000186375818695515
"382946:13:-",0.000169365128437692,0.000151951471003291,0.000237035564300198,0.000186117387913727
"721393:2:+",0.000182194166633584,0.000162109403210232,0.000212714045664629,0.000185672538502815
"1320579:7:-",0.000208767524798237,0.000162393317809026,0.000184996253498129,0.000185385698701797
"107592:22:+",0.000178507883184474,0.000225931867027223,0.000151647688400734,0.000185362479537477
"100405:3:+",0.000196717417922896,0.000187387870072824,0.000171683825109378,0.000185263037701699
"103127:2:-",0.000130070171845582,0.000244971935505815,0.000179380717967289,0.000184807608439562
"759803:22:-",0.000194706030369675,0.000158699725022471,0.000199439154791767,0.000184281636727971
"1367614:19:-",0.000150450791942449,0.000166236126736953,0.000234825839824925,0.000183837586168109
"1200206:11:+",0.000179349281766877,0.000219271925426209,0.000151082425647535,0.000183234544280207
"139428:47:-",0.000172758172378368,0.000204371258987516,0.000172001666023999,0.000183043699129961
"688453:17:+",0.000187927578161792,0.000125458269521836,0.000233899868574777,0.000182428572086135
"1031205:50:+",0.000200600450584866,0.000131127792028286,0.00021521212473074,0.000182313455781297
"347612:2:+",0.000195863164457427,0.000200186498859021,0.00014895111347534,0.000181666925597263
"12764:2:+",0.000203200224632586,0.000166129813788598,0.000170718511609137,0.000180016183343441
"1005441:10:+",0.000148511336972109,0.000158632295002274,0.000231579091129702,0.000179574241034695
"426365:2:-",0.000162162258746504,0.000167370058099906,0.000208273773069037,0.000179268696638482
"967086:72:-",0.000191453851588212,0.000126337243522453,0.000218775967630318,0.000178855687580328
"749506:45:+",0.000206679961481573,0.000157235929106699,0.000171444450594195,0.000178453447060822
"490571:3:-",0.000150686976318628,0.000179371164995024,0.000205122642423003,0.000178393594578885
"388684:11:-",0.000175187861298436,0.000134366084841986,0.000224416624999578,0.00017799019038
"190855:16:+",0.000262545099713649,7.83441427487205e-05,0.000192216242565648,0.000177701828342673
"693512:6:+",0.000173613516945941,0.000182966772959632,0.000175824999839662,0.000177468429915078
"1030596:4:-",0.000182952214718921,0.000175083583706928,0.000172810377490011,0.000176948725305287
"38785:0:+",0.000178575767160925,0.000142105037952618,0.000207536852745998,0.000176072552619847
"35862:17:+",0.000218268165415987,0.000158815147721673,0.000150532668135221,0.000175871993757627
"613197:10:+",0.000169937687072243,0.000150969071118972,0.000206643918842155,0.00017585022567779
"803353:8:+",0.000183608385286026,0.000139484273093362,0.000204065016453205,0.000175719224944198
"154787:25:+",0.000160334992037425,0.000164141961919343,0.000200956889221563,0.000175144614392777
"1124031:44:+",0.000163280269116182,0.00015965636584086,0.000202035741767496,0.000174990792241513
"1023947:10:+",0.000163858157276137,0.000150006015401898,0.000210814670318025,0.000174892947665353
"474313:12:-",0.000185209812441044,0.000137155102690426,0.000197454097333865,0.000173273004155112
"543525:6:-",0.000156938404574997,0.000158892490248834,0.000202945182167354,0.000172925358997062
"1487304:6:+",0.000192054416006172,0.000204906828877111,0.000120543955823918,0.000172501733569067
"662303:1:+",0.000195130141463126,0.000169706169183785,0.000152320161126755,0.000172385490591222
"1023898:1:-",0.000133360768144033,0.000171394766004014,0.000209204778462026,0.000171320104203357
"1409588:6:+",0.00014032158411087,0.000154761585348994,0.000214659540751378,0.000169914236737081
"58232:0:+",0.000246669024031159,7.36026037407475e-05,0.000186820655323069,0.000169030761031658
"1496235:43:+",0.000178832519606353,0.000188336881277818,0.000136923716489542,0.000168031039124571
"686458:10:+",0.000165937220996747,0.000143193929978887,0.000194892166964047,0.00016800777264656
"1028729:1:+",0.00016406595207981,0.000195906739293513,0.000138814265102225,0.000166262318825182
"931507:1:+",0.000166598520419455,0.00017787256188398,0.000153809531657018,0.000166093537986818
"247021:52:-",0.000175308994519554,0.000115195716968171,0.000207076634409543,0.000165860448632423
"547980:5:-",0.000265759121409638,0.000142409077706578,8.84606103902409e-05,0.000165542936502152
"1083376:42:+",0.000161585205966959,0.000206924943719064,0.000122519095178831,0.000163676414954951
"681937:10:-",0.000187854279062251,0.000132655652625198,0.00017001583406353,0.00016350858858366
"29055:30:-",0.000109013222530933,0.000168994436263585,0.000211817548615208,0.000163275069136575
"1191700:1:-",0.000115508889096409,0.000251038321262609,0.000122427519036977,0.000162991576465332
"1004329:38:-",0.000195085484493408,0.000160096924840715,0.000133577979217469,0.000162920129517197
"815176:20:-",0.000162046294956757,0.000141072027955382,0.000184190303317355,0.000162436208743165
"263590:1:+",0.000144468972963384,0.000155875559476153,0.000185788944972061,0.000162044492470533
"1071469:6:-",0.000159090943573906,0.000155477844707433,0.000168873290496155,0.000161147359592498
"1538992:55:+",0.000153799999838705,0.000177347418084012,0.000151043193660624,0.000160730203861114
"1562033:1:-",0.000103746139657303,0.000141557091905408,0.000235143245396605,0.000160148825653105
"758048:0:+",0.000142809156717666,0.000136022917560324,0.000201448566142597,0.000160093546806862
"693703:4:-",0.000193103041054667,7.88610744055574e-05,0.000208265689830999,0.000160076601763741
"123189:13:-",0.000231053793812172,9.76089648297877e-05,0.00015142842258078,0.000160030393740913
"1265787:0:-",0.000187410462076256,0.000147837428891847,0.000143770992372298,0.000159672961113467
"542225:1:-",0.000118628070782834,0.000188019551306052,0.000170699571363833,0.000159115731150906
"576495:26:-",0.000194203538560483,0.000131413590092907,0.000151592405044385,0.000159069844565925
"679295:0:-",0.000216951052298845,0.000141639897909977,0.0001174683200113,0.000158686423406708
"545777:57:-",8.56582581732718e-05,0.000176875303413673,0.000213180133108551,0.000158571231565165
"840656:2:-",0.000144422904249829,0.000153289296678307,0.000173328694844204,0.000157013631924113
"1285852:1:+",0.000172578584804805,9.85057796085057e-05,0.000197992036652806,0.000156358800355372
"942879:15:-",0.000142362535339328,0.000170902134989137,0.000155172717135776,0.000156145795821414
"707981:38:+",0.000190944260807269,0.000152242640010934,0.000124349549081436,0.00015584548329988
"44767:67:+",0.000142442337683183,0.000164887137459147,0.000159300814060377,0.000155543429734236
"713150:2:-",0.000194645184672812,0.000117298273050057,0.000154045153964411,0.000155329537229093
"1584629:1:+",8.51072280915217e-05,0.000176154062543643,0.000204239253455078,0.000155166848030081
"1585324:4:-",0.000143649795697904,0.000148785263012101,0.000171086834321572,0.000154507297677192
"1084455:7:-",0.000159286907904074,0.000114667713118886,0.000188741637901214,0.000154232086308058
"10472:8:-",0.000161967960414376,0.000153474593663513,0.000146614023590297,0.000154018859222729
"754013:4:-",0.000180761200766232,0.000136082033193055,0.00014504591733352,0.000153963050430935
"1540639:8:+",0.000171061985462256,0.000104736340832945,0.000184774948795022,0.000153524425030074
"842842:3:+",0.000194541931231473,0.000141578727298715,0.000124203699104556,0.000153441452544915
"1088887:8:-",0.000157180640209066,0.000157322872050577,0.00014554240236925,0.000153348638209631
"1553584:8:-",0.000130581379087277,0.000153918948849814,0.00017430334493664,0.000152934557624577
"1391136:4:+",0.000152916484611692,0.000163783196027777,0.000138798463575409,0.000151832714738293
"364741:1:+",0.000137828456119608,0.000156071175206873,0.00016101967835891,0.000151639769895131
"927136:13:-",0.000130849030923516,0.000156488631918826,0.000166675080841312,0.000151337581227885
"1504659:1:-",0.000129592119121635,0.000119007980855787,0.000204965616384568,0.000151188572120663
"1236535:30:-",0.000110997370494485,0.000184896975891846,0.000156794916031571,0.000150896420805967
"1463282:41:+",0.000101108529884598,0.000225837931894104,0.000124528320006088,0.000150491593928264
"1052827:6:-",9.34592983770597e-05,0.000215841007255231,0.000141555726673952,0.000150285344102081
"716481:3:+",0.000152209195923645,0.000153716659912134,0.000144583502837138,0.000150169786224306
"15707:8:-",0.00013882091386078,0.00014594074313567,0.000164751608064715,0.000149837755020388
"745186:19:+",0.000121586015416795,0.000156694165783599,0.000169906105213537,0.000149395428804644
"93305:7:+",0.000118690658781629,0.000162776878695665,0.000164883553403367,0.00014878369696022
"671447:24:+",0.000159944358124564,0.000150790445088891,0.000133516457956716,0.00014808375372339
"723292:48:-",0.000159807044827435,0.000149017114841414,0.00013470163127847,0.000147841930315773
"735583:35:+",0.000143980945137653,0.000123573081769141,0.000175957498660005,0.000147837175188933
"1109181:9:+",0.00020709127084819,0.00013555986646208,0.000100504323125773,0.000147718486812014
"328072:60:-",0.000131316727932221,0.000106835796642226,0.000201875424862309,0.000146675983145585
"573557:46:+",0.000136772956190866,0.000215735227478481,8.7452288758442e-05,0.000146653490809263
"566839:3:-",0.000148994450170058,0.000167474429007857,0.000121091731505117,0.000145853536894344
"1279615:17:-",0.000180466018260571,0.000128303093160301,0.000127870267421248,0.00014554645961404
"1032232:3:-",0.000144393122476526,0.000156567531151747,0.000135478160611954,0.000145479604746742
"580011:0:+",0.000196272646198532,0.000128641153768082,0.000110111281224609,0.000145008360397074
"619919:48:+",0.000120973389343027,0.000172102479191597,0.000141726476073638,0.000144934114869421
"446397:18:-",0.000113629149889951,0.000149485654868905,0.000170063871087887,0.000144392891948915
"671874:7:-",0.000151709570329343,0.000132167585325538,0.00014900729093929,0.00014429481553139
"743803:4:-",0.000176049880821206,0.000180178839529532,7.59051163638844e-05,0.000144044612238207
"831538:34:+",0.00012476039131926,0.000107707507342597,0.000191018139440674,0.000141162012700844
"789077:4:-",0.000154331070720436,0.000111892877603905,0.000157156449370159,0.0001411267992315
"1183600:2:+",0.000103200080635182,0.000135221520146058,0.000184901641871074,0.000141107747550771
"71036:11:-",0.000145495670059151,0.000144314047624593,0.00013317580928962,0.000140995175657788
"807077:41:-",0.000123847266013594,0.000193305419946247,0.000102343042065917,0.000139831909341919
"734225:2:-",0.000132787589021435,0.000140274604855608,0.000145209585111211,0.000139423926329418
"689933:4:+",0.000140717571214973,0.000177113478061911,9.9986146421579e-05,0.000139272398566154
"1195469:1:-",0.000117575519360949,0.000157998797529051,0.000142016409535406,0.000139196908808469
"1075005:3:-",0.000159068403127621,0.000109454830713741,0.000148094712498029,0.000138872648779797
"293908:45:+",0.000129016546696736,0.000138165103117705,0.000149233416335749,0.000138805022050063
"282419:10:-",0.00015533596336979,0.000171883646418845,8.84630534423265e-05,0.000138560887743654
"1504987:0:+",0.000183336892145589,0.000194333675782783,3.59190844158796e-05,0.000137863217448084
"1049432:1:+",0.000158874222988847,0.000167235585894386,8.61086916640979e-05,0.00013740616684911
"1091810:0:-",0.000158164239116688,0.000130625403926457,0.000121645483025951,0.000136811708689699
"455457:14:-",0.000128566377757831,0.000143516390514458,0.000137681705945144,0.000136588158072478
"1517011:6:+",0.000155724917667845,0.000133193870564173,0.000120682019136492,0.00013653360245617
"1145638:30:-",0.000175125162814226,0.000122614145982673,0.000110862454689432,0.000136200587828777
"1038221:15:-",0.0001322910151811,0.000157453430121979,0.000118797686188282,0.00013618071049712
"1580395:11:-",0.000117965948873273,0.000152161076856541,0.000138351294733081,0.000136159440154298
"679287:5:+",0.000148566997923103,0.000114557143713654,0.00014531297251105,0.000136145704715936
"979185:0:+",0.000138899459256855,0.000124876906378646,0.000143577027541327,0.000135784464392276
"231627:78:+",0.000117707401486272,0.000158194845091849,0.000130530453908708,0.000135477566828943
"705825:23:+",0.000136685967107978,0.000206055042534007,6.22100545433808e-05,0.000134983688061789
"715792:9:+",0.000110160642781115,0.000123201411853731,0.000170455082506956,0.0001346057123806
"1238776:10:+",0.000149181254060263,0.000150711179040801,0.000103154944862732,0.000134349125987932
"1411990:10:+",9.72187477771013e-05,0.00015971353570511,0.000145995864254689,0.000134309382578966
"719188:1:+",0.00014663184336204,0.00011414165255333,0.000141401265349037,0.000134058253754802
"1294890:5:+",0.000122081504343938,0.000132005135966298,0.000146913261237285,0.000133666633849174
"1576667:62:+",0.000112771451994131,0.000156147295628752,0.000129629990544752,0.000132849579389211
"379212:9:+",0.000158203232724129,9.09419462412236e-05,0.000148820967018285,0.000132655381994546
"1000458:28:-",0.000115481399387385,0.000138558102855042,0.00014242651093397,0.000132155337725466
"858787:0:+",0.000116049352776296,0.000125971377281623,0.000153278810895479,0.000131766513651133
"707892:35:+",0.00014476237486856,0.000123239238300768,0.000127284969141221,0.000131762194103516
"516604:19:-",0.000163044797157523,0.00013796838007088,9.42446850804402e-05,0.000131752620769614
"90577:3:+",0.000139192348686279,0.000127969081404388,0.000126597794735606,0.000131253074942091
"1395189:5:-",0.000133685098105395,0.000124942584089938,0.000131338725692623,0.000129988802629319
"1299492:7:+",0.000147538825335342,0.000129619187231642,0.000112748400437241,0.000129968804334742
"431262:8:-",0.000115618970843568,0.000155265604427484,0.000118986459227937,0.000129957011499663
"1122625:3:-",0.000133104592796336,0.000125967895410533,0.000130004711913864,0.000129692400040244
"1256565:8:+",0.000148238629434177,0.000120316377871988,0.000117163118238265,0.00012857270851481
"685526:2:+",0.000108753938829836,0.000168432086401278,0.000106904605035064,0.000128030210088726
"209692:5:-",0.000104513882556688,0.000133944440016052,0.000145379192320429,0.000127945838297723
"766423:37:-",0.000104023355532497,0.000137270611699357,0.000142164228394777,0.00012781939854221
"128146:5:+",0.000134923933665878,9.98449625372092e-05,0.000148531867191346,0.000127766921131478
"1476104:28:-",0.000116216511911607,0.000137232973722617,0.00012903637400975,0.000127495286547991
"1481877:20:-",0.000150098638954602,0.000117766647750415,0.000113595797776631,0.000127153694827216
"1510120:57:+",9.96023989461035e-05,0.000153245154244787,0.000127543946651485,0.000126797166614125
"780325:9:-",9.82306303616334e-05,0.000103834045529144,0.000174991571169927,0.000125685415686901
"1463417:8:+",0.00012132907216301,0.000125033379925196,0.000126861503479872,0.000124407985189359
"12875:68:-",0.000134134474135479,0.000125367731507756,0.000112507218989144,0.000124003141544126
"1074981:38:+",0.000116883760577011,0.000128631162482595,0.000125966736391592,0.000123827219817066
"271134:1:+",0.000127894520206385,0.000128475036918951,0.000113812921721517,0.000123394159615617
"121426:17:+",8.54450777407241e-05,0.000136540569347397,0.000147554760190687,0.000123180135759602
"367969:0:+",0.000108695085747821,0.000120515986935414,0.000139236027761426,0.00012281570014822
"679030:1:-",9.3739613804636e-05,0.000165884189558497,0.000108399863840797,0.000122674555734643
"185152:26:-",8.55843832758827e-05,0.000107065486268897,0.000173780290655184,0.000122143386733321
"150458:32:+",0.000119240892299904,7.23691693973382e-05,0.000174260505165902,0.000121956855621048
"821306:4:-",0.000138805190067598,6.93406059377684e-05,0.000156343392382906,0.000121496396129424
"166172:11:-",0.000155065066132335,8.25615086845739e-05,0.000126075274990926,0.000121233949935945
"1205097:8:+",0.000108780685616249,0.000101587772975994,0.000153229342381544,0.000121199266991262
"384064:16:+",0.000145391255485151,0.000143821293397874,7.43063964767566e-05,0.000121172981786594
"1203228:23:+",0.0001075859628494,0.000115710191413309,0.000139855420650367,0.000121050524971025
"115531:13:-",0.000108057373655916,7.03533130893088e-05,0.000182987218671215,0.000120465968472147
"207915:4:+",0.000139831806716398,0.000114339390106719,0.000105593154635771,0.000119921450486296
"100332:10:-",0.000129693547217428,0.000156716824210187,7.33388006543615e-05,0.000119916390693992
"513871:11:+",8.83888285931049e-05,9.92220741104615e-05,0.000172015546223562,0.000119875482975709
"1313112:6:+",0.000107860301353335,9.44525223062367e-05,0.000155808233310917,0.00011937368565683
"476982:25:-",0.000177193116645934,0.00011084419164575,7.00349732758857e-05,0.00011935742718919
"1540339:18:+",0.000104371822896281,0.000126599725006859,0.00012600720337279,0.000118992917091977
"530549:75:+",9.87982190946049e-05,0.00013520204903089,0.000121453563172558,0.000118484610432684
"1576591:0:-",0.000148140544677602,0.000101896320348959,0.000104876971376915,0.000118304612134492
"736680:36:+",0.000135224387146188,0.000111783081630546,0.000107479431856764,0.000118162300211166
"147668:19:+",0.000154014580665708,0.00012315496995413,7.48720824860609e-05,0.0001173472110353
"1117033:29:+",0.000146065780817735,8.84092016308577e-05,0.000115274703887851,0.000116583228778815
"973030:11:+",0.000144744524269755,0.000134699582133839,7.02974040611424e-05,0.000116580503488246
"942888:18:+",6.68341040861887e-05,0.000141859658894204,0.000139533304921415,0.000116075689300603
"388683:29:-",0.000133285885593441,8.51908659295519e-05,0.000126270420243166,0.000114915723922053
"1176815:0:+",0.000131349665382352,9.70249291875005e-05,0.000114949921736638,0.000114441505435497
"594293:0:+",0.000121722191732416,0.000123823126827858,9.61760705443797e-05,0.000113907129701551
"1509245:19:+",0.000135123362880127,6.14033528844176e-05,0.000144559251579128,0.000113695322447891
"596277:17:-",0.000135583742464383,9.72903722931289e-05,0.000107783903036071,0.000113552672597861
"128350:45:+",0.000111258914884019,0.000114288401438564,0.000115105527124452,0.000113550947815678
"723689:0:-",0.000145769931623499,0.00014179989881778,5.27704245977267e-05,0.000113446751679669
"42490:1:+",0.000139718208683041,0.000102062354093332,9.76796167013709e-05,0.000113153393159248
"751627:63:-",0.000105053939084664,7.63359262144009e-05,0.000156349608187698,0.000112579824495588
"1527328:23:-",0.000126058142476675,8.71555351411559e-05,0.000123071910827421,0.000112095196148417
"1104190:10:-",0.000118937790858844,0.000104759798467954,0.000109553857546033,0.000111083815624277
"761411:13:+",0.000118090461618695,0.000106339774605858,0.000106377482047925,0.000110269239424159
"122967:5:-",0.000114224139031819,9.63305825908988e-05,0.000117430521364778,0.000109328414329165
"1186057:7:-",9.10031393161874e-05,0.000142942773882795,9.13241820095093e-05,0.000108423365069497
"843506:33:-",0.000103412272678188,5.3824763393971e-05,0.00016669839389523,0.000107978476655796
"1608290:2:+",0.000102864568216091,0.000113184524811279,0.000103775312336487,0.000106608135121286
"1484596:24:+",0.000148285052782298,6.71271877630007e-05,9.62433427516636e-05,0.000103885194432321
"810003:15:+",6.62118560881004e-05,0.000114091542917651,0.000121977706424363,0.000100760368476705
"767069:1:+",9.16231244580656e-05,0.000105597836254577,0.000100958617762838,9.939319282516e-05
"1392442:4:-",6.90859362440158e-05,9.28328187414766e-05,0.00013528286112553,9.90672053703407e-05
"840313:5:-",0.000128627147388963,0.000112424337965391,5.53048550793001e-05,9.8785446811218e-05
"225932:6:-",0.00015000687934375,8.63025885468506e-05,5.86507300297127e-05,9.83200659734377e-05
"509940:21:-",5.50028167097931e-05,0.000160507909770503,7.89784409019803e-05,9.81630557940921e-05
"1329480:19:-",9.84931371249139e-05,7.04079576063307e-05,0.000124507275484134,9.7802790071793e-05
"128541:30:-",9.10120083650428e-05,9.91409608393203e-05,0.000102394564590821,9.75158445983948e-05
"761132:29:-",8.38481280191503e-05,9.82015444443064e-05,0.000109246546812121,9.7098739758526e-05
"322405:15:+",8.32455818763393e-05,0.000120140756695263,8.73254919379061e-05,9.69039435031696e-05
"1600190:3:+",8.88129818773628e-05,0.000100268267299875,9.97290152640153e-05,9.62700881470842e-05
"154361:11:-",0.000165527058323046,0.0001064963664151,1.64594846645164e-05,9.61609698008874e-05
"1230453:1:+",0.000183794482195733,2.80534009688707e-05,7.64547979567191e-05,9.61008937071074e-05
"1510121:25:+",0.000112000840847718,5.68626765721026e-05,0.000114447601671342,9.44370396970543e-05
"723006:34:+",0.000102002311733481,8.96833281279939e-05,9.0135260016787e-05,9.39402999594206e-05
"1101504:67:-",9.38295953737754e-05,7.88386700198637e-05,0.00010857493653063,9.37477339747565e-05
"354955:7:+",9.27263810477021e-05,8.93820107409055e-05,9.84761559911545e-05,9.35281825932541e-05
"705727:18:-",0.000112656043248476,8.2612082639241e-05,8.40084540627736e-05,9.30921933168303e-05
"108972:45:+",7.51981881497352e-05,0.000131687769322496,7.15903176468875e-05,9.28254250397063e-05
"1279669:14:-",9.44296705825768e-05,0.000107085003626153,7.66754980934929e-05,9.27300574340742e-05
"1156811:8:+",6.51767807683623e-05,9.53826816954684e-05,0.000115319856633276,9.19597730323689e-05
"725070:76:-",8.72705777737626e-05,6.18534051042833e-05,0.000125887299544497,9.1670427474181e-05
"942583:0:-",8.64281869140899e-05,7.70861067814984e-05,0.000108010471273942,9.05082549898434e-05
"1216124:13:-",3.67915505460182e-05,0.000114232044169343,0.000119137755816316,9.0053783510559e-05
"442386:11:-",9.73673697674495e-05,7.44205344978481e-05,9.62510823845453e-05,8.9346328883281e-05
"457862:1:+",8.18956674428702e-05,0.00010541019085912,7.91711884279351e-05,8.88256822433085e-05
"633296:3:-",6.35094716757948e-05,7.66719355812808e-05,0.000126239981262562,8.88071295065459e-05
"694716:29:+",0.000103407551916746,4.96353413750801e-05,0.000113033661993445,8.86921850950901e-05
"1621887:32:-",7.11365764059837e-05,0.000132575893736476,5.72883334128067e-05,8.70002678517556e-05
"1355107:13:-",9.93387111315181e-05,6.7075243930543e-05,9.14790501654649e-05,8.5964335075842e-05
"273155:5:+",6.55686872373793e-05,0.00013434029567033,5.76277292048786e-05,8.5845570704196e-05
"354987:6:-",0.000112953864942254,5.80325123046781e-05,8.50190031347486e-05,8.53351267938936e-05
"66978:20:-",7.81834081664713e-05,9.13686353283342e-05,7.47928440029757e-05,8.14482958325937e-05
"218375:36:-",7.92554495291626e-05,8.80776981547899e-05,7.14644625020373e-05,7.95992033953299e-05
"776364:3:-",6.75347463239693e-05,5.62932498731528e-05,0.000111026113124649,7.82847031072571e-05
"102430:5:-",8.89064329554775e-05,8.01089042869864e-05,4.77115148332881e-05,7.22422840252507e-05
"34154:1:+",8.76236677964199e-05,3.47436164399117e-05,8.91084829104517e-05,7.04919223822611e-05
"128336:8:-",9.69001876930704e-06,9.7330009572319e-05,0.000104155067273123,7.03916985382498e-05
