MIcon-MIY-MIY06S02	MIY
MIcon-MIY-MIY06S03	MIY
MIcon-MIY-MIY06S04	MIY
MIcon-MIY-MIY06S05	MIY
MIcon-MIY-MIY06S06	MIY
MIcon-MIY-MIY03S01	MIY
MIcon-MIY-MIY03S02	MIY
MIcon-MIY-MIY03S03	MIY
MIcon-MIY-MIY03S04	MIY
MIcon-MIY-MIY03S05	MIY
MIcon-MIY-MIY03S06	MIY
MIcon-HJ-HJ2S03	HJ
MIcon-HJ-HJ1S01	HJ
MIcon-HJ-HJ1S02	HJ
MIcon-HJ-HJ1S03	HJ
MIcon-HJ-HJ1S06	HJ
MIcon-HJ-HJ1S08	HJ
MIcon-HJ-HJ2S06	HJ
MIcon-HJ-HJ2S07	HJ
MIcon-HJ-HJ2S08	HJ
MIcon-HJ-HJ3S01	HJ
MIcon-HJ-HJ3S02	HJ
MIcon-HJ-HJ3S03	HJ
MIcon-HJ-HJ3S04	HJ
MIcon-HJ-HJ3S05	HJ
MIcon-HJ-HJ3S06	HJ
MIcon-HJ-HJ3S07	HJ
MIcon-HJ-HJ3S08	HJ
MIsin-IBR-IBR01S01	IBR
MIsin-IBR-IBR01S02	IBR
MIsin-IBR-IBR01S03	IBR
MIsin-IBR-IBR01S04	IBR
MIsin-IBR-IBR01S05	IBR
MIsin-IBR-IBR01S06	IBR
MIsin-IBR-IBR01S07	IBR
MIsin-HKN-HKN02S01	HKN
MIsin-HKN-HKN02S02	HKN
MIsin-HKN-HKN02S03	HKN
MIcon-MUR-MUR02S02	MUR
MIcon-MUR-MUR02S06	MUR
MIsin-BOS-BOS03S06	BOS
MIsin-BOS-BOS03S08	BOS
MIsin-BOS-BOS06S01	BOS
MIsin-BOS-BOS06S02	BOS
MIsin-BOS-BOS06S03	BOS
MIsin-BOS-BOS06S04	BOS
MIsin-BOS-BOS06S05	BOS
MIsin-BOS-BOS06S06	BOS
MIsin-BOS-BOS06S07	BOS
MIsin-BOS-BOS06S08	BOS
MIsin-BOS-BOS08S02	BOS
MIsin-BOS-BOS08S03	BOS
MIsin-BOS-BOS08S04	BOS
MIsin-BOS-BOS08S05	BOS
MIsin-BOS-BOS08S06	BOS
MIsin-BOS-BOS08S07	BOS
MIsin-BOS-BOS08S08	BOS
MIsin-FUJ-FUJ02S03	FUJ
MIsin-FUJ-FUJ02S05	FUJ
MIcon-MIY-MIY439S01	MIY
MIcon-MIY-MIY439S03	MIY
MIcon-MIY-MIY439S04	MIY
MIcon-MIY-MIY439S06	MIY
MIcon-MIY-MIY439S07	MIY
MIcon-MIY-MIY439S08	MIY
MIcon-MIY-MIY431S01	MIY
MIcon-MIY-MIY431S03	MIY
MIcon-MIY-MIY431S04	MIY
MIcon-MIY-MIY431S05	MIY
MIcon-MIY-MIY431S06	MIY
MIcon-MIY-MIY431S07	MIY
MIcon-MIY-MIY431S08	MIY
MIcon-MIY-MIY560S01	MIY
MIcon-MIY-MIY560S02	MIY
MIcon-MIY-MIY560S03	MIY
MIcon-MIY-MIY560S04	MIY
MIcon-MIY-MIY560S05	MIY
MIcon-MIY-MIY560S06	MIY
MIcon-MIY-MIY560S07	MIY
MIcon-MIY-MIY560S08	MIY
MIcon-MIY-MIY652S01	MIY
MIcon-MIY-MIY652S02	MIY
MIcon-MIY-MIY652S03	MIY
MIcon-MIY-MIY652S04	MIY
MIcon-MIY-MIY652S05	MIY
MIcon-MIY-MIY652S06	MIY
MIcon-MIY-MIY652S07	MIY
MIcon-MIY-MIY652S08	MIY
MIcon-MIY-MIY650S01	MIY
MIsin-TC-TC2S01	TC
MIsin-TC-TC2S02	TC
MIsin-TC-TC2S03	TC
MIsin-TC-TC2S04	TC
MIsin-TC-TC2S05	TC
MIsin-TC-TC2S06	TC
MIsin-TC-TC2S07	TC
MIsin-TC-TC2S08	TC
MIsin-TC-TC1S01	TC
MIsin-TC-TC1S02	TC
MIsin-TC-TC1S03	TC
MIsin-TC-TC1S04	TC
MIsin-TC-TC1S05	TC
MIsin-TC-TC1S06	TC
MIsin-TC-TC1S07	TC
MIsin-TC-TC1S08	TC
MIcon-SH-SH6S01	SH
MIcon-SH-SH6S02	SH
MIcon-SH-SH6S03	SH
MIcon-SH-SH3S02	SH
MIcon-SH-SH3S03	SH
MIcon-SH-SH3S01	SH
MIcon-OSH-OSH08S01	OSH
MIcon-OSH-OSH08S04	OSH
MIcon-OSH-OSH08S05	OSH
MIcon-OSH-OSH08S06	OSH
MIcon-OSH-OSH08S07	OSH
MIcon-OSH-OSH08S08	OSH
MIcon-OSH-OSH07S01	OSH
MIcon-OSH-OSH07S02	OSH
MIcon-OSH-OSH07S03	OSH
MIcon-OSH-OSH07S04	OSH
MIcon-OSH-OSH07S05	OSH
MIcon-OSH-OSH07S06	OSH
MIcon-OSH-OSH07S07	OSH
MIcon-OSH-OSH07S08	OSH
MIcon-OSH-OSH29S01	OSH
MIcon-OSH-OSH29S02	OSH
MIcon-OSH-OSH29S03	OSH
MIcon-OSH-OSH29S04	OSH
MIcon-OSH-OSH29S05	OSH
MIcon-OSH-OSH29S06	OSH
MIcon-OSH-OSH29S07	OSH
MIcon-OSH-OSH29S08	OSH
MIcon-NI-NI5S01	NI
MIcon-NI-NI5S02	NI
MIcon-NI-NI5S03	NI
MIcon-NI-NI5S04	NI
MIcon-NI-NI5S05	NI
MIcon-NI-NI5S06	NI
MIcon-NI-NI5S07	NI
MIcon-NI-NI5S08	NI
MIcon-NI-NI2S01	NI
MIcon-NI-NI2S02	NI
MIcon-NI-NI2S03	NI
MIcon-NI-NI2S04	NI
MIcon-NI-NI2S05	NI
MIcon-NI-NI2S06	NI
MIcon-NI-NI2S07	NI
MIcon-NI-NI2S08	NI
MIcon-MUR-MUR03S01	MUR
MIcon-MUR-MUR03S02	MUR
MIcon-MUR-MUR03S03	MUR
MIcon-MUR-MUR03S04	MUR
MIcon-MUR-MUR03S05	MUR
MIcon-MUR-MUR03S06	MUR
MIcon-MUR-MUR03S07	MUR
MIcon-MUR-MUR03S08	MUR
MIcon-MUR-MUR02S01	MUR
MIcon-MUR-MUR02S03	MUR
MIcon-MUR-MUR02S04	MUR
MIcon-MUR-MUR02S05	MUR
MIcon-MUR-MUR02S07	MUR
MIcon-MUR-MUR02S08	MUR
MIcon-MIY-MIY07S01	MIY
MIcon-MIY-MIY07S02	MIY
MIcon-MIY-MIY07S03	MIY
MIcon-MIY-MIY07S04	MIY
MIcon-MIY-MIY07S05	MIY
MIcon-MIY-MIY07S06	MIY
MIcon-MIY-MIY07S07	MIY
MIcon-MIY-MIY07S08	MIY
MIcon-MIY-MIY650S02	MIY
MIcon-MIY-MIY650S03	MIY
MIcon-MIY-MIY650S04	MIY
MIcon-MIY-MIY650S05	MIY
MIcon-MIY-MIY650S06	MIY
MIcon-MIY-MIY650S07	MIY
MIcon-MIY-MIY650S08	MIY
MIcon-MIY-MIY06S01	MIY
MIcon-MIY-MIY06S07	MIY
MIcon-MIY-MIY06S08	MIY
MIcon-MIY-MIY439S02	MIY
MIcon-MIY-MIY439S05	MIY
MIcon-MIY-MIY431S02	MIY
MIcon-MIY-MIY03S07	MIY
MIcon-MIY-MIY03S08	MIY
MIcon-KOZ-KOZ621S01	KOZ
MIcon-KOZ-KOZ621S02	KOZ
MIcon-KOZ-KOZ621S03	KOZ
MIcon-KOZ-KOZ621S04	KOZ
MIcon-KOZ-KOZ621S05	KOZ
MIcon-KOZ-KOZ621S06	KOZ
MIcon-KOZ-KOZ621S07	KOZ
MIcon-KOZ-KOZ621S08	KOZ
MIcon-KOZ-KOZ591S01	KOZ
MIcon-KOZ-KOZ591S02	KOZ
MIcon-KOZ-KOZ591S03	KOZ
MIcon-KOZ-KOZ591S04	KOZ
MIcon-KOZ-KOZ591S05	KOZ
MIcon-KOZ-KOZ591S06	KOZ
MIcon-KOZ-KOZ591S07	KOZ
MIcon-KOZ-KOZ591S08	KOZ
MIcon-ISU-ISU05S01	ISU
MIcon-ISU-ISU05S02	ISU
MIcon-ISU-ISU05S03	ISU
MIcon-ISU-ISU05S04	ISU
MIcon-ISU-ISU05S05	ISU
MIcon-ISU-ISU05S06	ISU
MIcon-ISU-ISU05S07	ISU
MIcon-ISU-ISU05S08	ISU
MIcon-ISU-ISU02S01	ISU
MIcon-ISU-ISU02S02	ISU
MIcon-ISU-ISU02S03	ISU
MIcon-ISU-ISU02S04	ISU
MIcon-ISU-ISU02S05	ISU
MIcon-ISU-ISU02S06	ISU
MIcon-ISU-ISU02S07	ISU
MIcon-ISU-ISU02S08	ISU
MIsin-IBR-IBR02S01	IBR
MIsin-IBR-IBR02S02	IBR
MIsin-IBR-IBR02S03	IBR
MIsin-IBR-IBR02S04	IBR
MIsin-IBR-IBR02S05	IBR
MIsin-IBR-IBR02S06	IBR
MIsin-IBR-IBR02S07	IBR
MIsin-IBR-IBR02S08	IBR
MIsin-HKN-HKN02S04	HKN
MIsin-HKN-HKN02S05	HKN
MIsin-HKN-HKN02S06	HKN
MIsin-HKN-HKN02S07	HKN
MIsin-HKN-HKN02S08	HKN
MIcon-HJ-HJ2S01	HJ
MIcon-HJ-HJ2S02	HJ
MIcon-HJ-HJ2S05	HJ
MIcon-HJ-HJ2S04	HJ
MIcon-HJ-HJ1S04	HJ
MIcon-HJ-HJ1S05	HJ
MIcon-HJ-HJ1S07	HJ
MIsin-FUJ-FUJ02S01	FUJ
MIsin-FUJ-FUJ02S02	FUJ
MIsin-FUJ-FUJ02S06	FUJ
MIsin-FUJ-FUJ02S07	FUJ
MIsin-FUJ-FUJ02S08	FUJ
MIsin-BOS-BOS08S01	BOS
MIsin-BOS-BOS03S01	BOS
MIsin-BOS-BOS03S02	BOS
MIsin-BOS-BOS03S03	BOS
MIcon-HJ-HJ5S05	HJ
MIcon-HJ-HJ5S06	HJ
MIsin-BOS-BOS03S07	BOS
MIsin-BOS-BOS14S01	BOS
MIsin-BOS-BOS14S02	BOS
MIsin-BOS-BOS14S03	BOS
MIsin-BOS-BOS14S04	BOS
MIsin-BOS-BOS14S05	BOS
MIsin-BOS-BOS14S06	BOS
MIsin-BOS-BOS14S07	BOS
MIsin-BOS-BOS14S08	BOS
MIsin-BOS-BOS10S01	BOS
MIsin-BOS-BOS10S02	BOS
MIsin-BOS-BOS10S03	BOS
MIsin-BOS-BOS10S04	BOS
MIsin-BOS-BOS10S05	BOS
MIsin-BOS-BOS10S06	BOS
MIsin-BOS-BOS10S07	BOS
MIsin-BOS-BOS10S08	BOS
MIcon-MIY-MIY567S01	MIY
MIcon-MIY-MIY567S02	MIY
MIcon-MIY-MIY567S03	MIY
MIcon-MIY-MIY567S04	MIY
MIcon-MIY-MIY567S05	MIY
MIcon-MIY-MIY567S06	MIY
MIcon-MIY-MIY567S07	MIY
MIcon-MIY-MIY567S08	MIY
MIcon-HJ-HJ5S01	HJ
MIcon-HJ-HJ5S02	HJ
MIcon-HJ-HJ5S03	HJ
MIcon-HJ-HJ5S04	HJ
MIsin-BOS-BOS03S04	BOS
MIsin-BOS-BOS03S05	BOS
MIcon-HJ-HJ5S07	HJ
MIcon-HJ-HJ5S08	HJ
MIcon-OSH-OSH559S01	OSH
MIcon-OSH-OSH559S02	OSH
MIcon-OSH-OSH559S03	OSH
MIcon-OSH-OSH559S04	OSH
MIcon-OSH-OSH559S05	OSH
MIcon-OSH-OSH559S06	OSH
MIcon-OSH-OSH559S07	OSH
MIcon-OSH-OSH559S08	OSH
MIsin-ISU-ISU09S01	ISU
MIsin-ISU-ISU09S02	ISU
MIsin-ISU-ISU09S03	ISU
MIsin-ISU-ISU09S04	ISU
MIsin-ISU-ISU09S05	ISU
MIsin-ISU-ISU09S06	ISU
MIsin-ISU-ISU09S07	ISU
MIsin-ISU-ISU09S08	ISU
MIsin-ISU-ISU12S01	ISU
MIsin-ISU-ISU12S02	ISU
MIsin-ISU-ISU12S03	ISU
MIsin-ISU-ISU12S04	ISU
MIsin-ISU-ISU12S05	ISU
MIsin-ISU-ISU12S06	ISU
MIsin-ISU-ISU12S07	ISU
MIsin-ISU-ISU12S08	ISU
MIsin-ISU-ISU11S01	ISU
MIsin-ISU-ISU11S02	ISU
MIsin-ISU-ISU11S03	ISU
MIsin-ISU-ISU11S04	ISU
MIsin-ISU-ISU11S05	ISU
MIsin-ISU-ISU11S06	ISU
MIsin-ISU-ISU11S07	ISU
MIsin-ISU-ISU11S08	ISU
MIcon-AOG-AOG03S01	AOG
MIcon-AOG-AOG03S02	AOG
MIcon-AOG-AOG03S03	AOG
MIcon-AOG-AOG03S04	AOG
MIcon-AOG-AOG03S05	AOG
MIcon-AOG-AOG03S06	AOG
MIcon-AOG-AOG03S07	AOG
MIcon-AOG-AOG03S08	AOG
MIcon-AOG-AOG01S01	AOG
MIcon-AOG-AOG01S02	AOG
MIcon-AOG-AOG01S03	AOG
MIcon-AOG-AOG01S04	AOG
MIcon-AOG-AOG01S05	AOG
MIcon-AOG-AOG01S06	AOG
MIcon-AOG-AOG01S07	AOG
MIcon-AOG-AOG01S08	AOG
MIcon-SH-SH6S04	SH
MIcon-SH-SH6S05	SH
MIcon-SH-SH6S06	SH
MIcon-SH-SH6S07	SH
MIcon-SH-SH6S08	SH
MIcon-SH-SH3S04	SH
MIcon-SH-SH3S05	SH
MIcon-SH-SH3S06	SH
MIcon-SH-SH3S07	SH
MIcon-SH-SH3S08	SH
MIcon-OSH-OSH08S02	OSH
MIcon-MIY-MIY13S01	MIY
MIcon-MIY-MIY13S02	MIY
MIcon-MIY-MIY13S03	MIY
MIcon-MIY-MIY13S04	MIY
MIcon-MIY-MIY13S05	MIY
MIcon-MIY-MIY13S06	MIY
MIcon-MIY-MIY13S07	MIY
MIcon-MIY-MIY13S08	MIY
MIsin-BOS-BOS11S01	BOS
MIsin-BOS-BOS11S02	BOS
MIsin-BOS-BOS11S03	BOS
MIsin-BOS-BOS11S04	BOS
MIsin-BOS-BOS11S05	BOS
MIsin-BOS-BOS11S06	BOS
MIsin-BOS-BOS11S07	BOS
MIsin-BOS-BOS11S08	BOS
MIsin-FUJ-FUJ02S04-2	FUJ
MIcon-OSH-OSH05S01	OSH
